{
    "species": "N2",
    "wavenumber_range_cm-1": [2280, 2330],
    "num_spectral_points": 200,
    "pressure_bar": 10.0,
    "pump_linewidth_cm-1": 1.0,
    "slit_width_cm-1": 0.5,
    "slit_shape_factor": 2.0,
    "noise_level": 0.02,
    "random_seed": 42,

    "molecular_constants": {
        "N2": {
            "we": 2358.518, "wx": 14.2935, "wy": -0.00592949, "wz": -0.00024,
            "Be": 1.99826, "De": 5.774e-06, "alpha_e": 0.0173035, "beta_e": 1.55e-08,
            "gamma_e": -3.1536099e-05, "H0": 3e-12, "He": 1.8e-12,
            "v0": 2330.7, "mu": 0.31, "MW": 28.013, "m_reduced": 7.0015,
            "AG": 1.166, "AC1": 2.4158e-12, "GAMMA": 4.764, "Re": 2.074,
            "GAMMA_p": 2.066e-16, "ALPHA_p": 1.772e-16,
            "Const_Osc": 195853800.0, "Const_Raman": 0.24158, "G/A": 1.166
        }
    },
    "universal_constants": {
        "h": 6.62607e-34, "h_bar": 1.05457e-34, "c": 29979000000.0,
        "k": 1.380649e-16, "k_": 0.695035, "hc/k": 1.44, "R": 8.314,
        "Const_D": 7.162e-7, "Const_N": 0.724
    },
    "chi_nrs": {
        "SET 1": {
            "T0": 273.15, "P0": 1.01325,
            "SPECIES": {"N2": 7.7877, "CO2": 11.8, "CO": 12.3, "H2": 10.0206, "O2": 7.8538}
        }
    }
}
