{
  "nrmse": 0.7949349132134116,
  "ncc": 0.721656071472005,
  "ssim": 0.6083904870594229
}