{
  "N": 64,
  "pixel_size_uas": 2.0,
  "pixel_size_rad": 9.696273622188272e-12,
  "total_flux": 0.6,
  "noise_std": 0.00642351859007345,
  "freq_ghz": 230.0,
  "n_baselines": 421,
  "n_stations": 7,
  "station_names": [
    "ALMA",
    "APEX",
    "JCMT",
    "LMT",
    "PV",
    "SMA",
    "SMT"
  ],
  "gain_amp_error": 0.2,
  "gain_phase_error_deg": 30.0,
  "ra_hours": 12.513728717168174,
  "dec_deg": 12.39112323919932
}