{
  "dirty_image": {
    "nrmse": 0.8938146534527152,
    "ncc": 0.5010260318419719,
    "dynamic_range": 7.669443874913659
  },
  "clean": {
    "nrmse": 23.536083798805954,
    "ncc": 0.02046379791470388,
    "dynamic_range": 2.50997776785009
  },
  "rml_tv": {
    "nrmse": 0.6104822529722941,
    "ncc": 0.8194571122952907,
    "dynamic_range": 22.375844083476355
  },
  "rml_mem": {
    "nrmse": 0.5840852013966997,
    "ncc": 0.8692966246186176,
    "dynamic_range": 32.27663922810995
  }
}