{
  "n_locs_3d_total": 24543,
  "n_locs_3d_filtered": 21727,
  "median_lateral_err_nm": 51.787699192292045,
  "median_axial_err_nm": 55.32518420027431,
  "mean_lateral_err_nm": 54.76334602046064,
  "mean_axial_err_nm": 58.646821348023664,
  "median_photons": 4455.222961425781,
  "median_n_views": 6.0,
  "z_range_um": [
    -3.310966177835978,
    5.667944982567696
  ],
  "total_time_s": 61.5
}