{
  "nrmse": 0.6498747172575662,
  "ncc": 0.8768132619129313,
  "ssim": 0.15256773147171998
}