{
  "nrmse": 0.16519876720604074,
  "ncc": 0.3670748102918898,
  "dynamic_range": 11.933422550599435,
  "calibration": 0.173828125,
  "mean_uncertainty": 0.0008541748393326998
}