{
  "nrmse": 0.036523035269459506,
  "ncc": 0.0,
  "psnr": 28.748662746522086,
  "nrmse_image": 0.11756889160339487,
  "ncc_image": 0.0,
  "lightcurve_mse": 3113.530029296875
}