{
  "feature_metrics": {
    "bias": {
      "diameter": 4.663516998291016,
      "width": -9.86034725666046,
      "asymmetry": 0.14029145240783691,
      "PA": -16.631484985351562
    },
    "std": {
      "diameter": 0.10585194081068039,
      "width": 0.15861175954341888,
      "asymmetry": 0.009083961136639118,
      "PA": 1.2278729677200317
    },
    "coverage": {
      "diameter": 0.0,
      "width": 0.0,
      "asymmetry": 3.1493984806729713e-06,
      "PA": 7.988855213625357e-05
    }
  },
  "elbo": -85.29061126708984,
  "n_gaussian": 2,
  "geometric_model": "simple_crescent_floor_nuisance"
}