{
  "nrmse": 0.04182880575560353,
  "ncc": 0.28560107132287027,
  "psnr": 27.57049069363977,
  "nrmse_image": 0.08451374287932675,
  "ncc_image": 0.6928614211605899,
  "lightcurve_mse": 25.981311798095703
}