{
  "nrmse": 0.0005476341111903541,
  "ncc": 0.9998156109731755,
  "psnr": 65.23019016472904,
  "nrmse_image": 0.001326420419997284,
  "ncc_image": 0.9998948499777057,
  "lightcurve_mse": 0.022679874673485756
}