{
  "dataset_1": {
    "description": "Nylon fiber phantom (point targets)",
    "c": 1540.0,
    "fs": 20000000.0,
    "pitch": 0.000298,
    "TXangle_deg": [
      -1.499999999999999,
      -0.9999999999999999,
      -0.49999999999999917,
      0.0,
      0.5000000000000007,
      0.9999999999999999,
      1.5000000000000007
    ],
    "TXangle_rad": [
      -0.026179938779914924,
      -0.017453292519943292,
      -0.008726646259971632,
      0.0,
      0.00872664625997166,
      0.017453292519943292,
      0.026179938779914952
    ],
    "t0": 0.0,
    "n_elements": 128,
    "n_samples": 2688,
    "n_angles": 7
  },
  "dataset_2": {
    "description": "Circular cyst phantom",
    "c": 1540.0,
    "fs": 20000000.0,
    "pitch": 0.000298,
    "TXangle_deg": [
      -1.499999999999999,
      -0.9999999999999999,
      -0.49999999999999917,
      0.0,
      0.5000000000000007,
      0.9999999999999999,
      1.5000000000000007
    ],
    "TXangle_rad": [
      -0.026179938779914924,
      -0.017453292519943292,
      -0.008726646259971632,
      0.0,
      0.00872664625997166,
      0.017453292519943292,
      0.026179938779914952
    ],
    "t0": 5e-05,
    "n_elements": 128,
    "n_samples": 1536,
    "n_angles": 7
  }
}
