{
  "rl": {
    "nrmse": 3.6910061115367494,
    "psnr": 0.8579016383545356
  },
  "ems": {
    "nrmse": 3.1167053831148106,
    "psnr": 2.326881902408706
  }
}